"Date","Time","Bin","Lat","Long","Observer","object","size"
2011-04-19,18991230,"B",40.852964,-71.455114,"JV",46,1
2011-02-17,18991230,"A",40.870221,-71.548422,"JV",106,1
2011-05-02,18991230,"A",40.875955,-71.303039,"KW",121,1
2011-12-04,18991230,"C",40.917532,-71.382727,"KW",286,1
2011-02-23,18991230,"A",40.941534,-71.385168,"KW",446,1
2011-02-07,18991230,"A",40.942254,-71.464381,"KW",457,1
2011-04-19,18991230,"A",40.947612,-71.594953,"JV",500,2
2011-05-02,18991230,"A",40.947954,-71.552005,"KW",506,1
2011-02-23,18991230,"B",40.979117,-71.511719,"JV",814,1
2011-04-19,18991230,"A",40.985713,-71.597616,"KW",911,1
2011-02-23,18991230,"B",40.98711,-71.76193,"KW",926,1
2011-05-02,18991230,"B",40.989605,-71.55776,"JV",955,1
2011-05-02,18991230,"A",40.99063,-71.060932,"KW",962,1
2011-05-02,18991230,"B",40.992725,-71.671571,"KW",988,1
2011-01-28,18991230,"B",40.993608,-71.761713,"JV",994,1
2011-05-13,18991230,"A",41.000929,-71.509984,"JV",1090,1
2011-02-23,18991230,"A",41.004552,-71.761663,"JV",1129,1
2011-05-02,18991230,"B",41.010379,-71.559469,"JV",1204,1
2011-04-19,18991230,"A",41.011515,-71.71658,"KW",1228,2
2011-02-07,18991230,"A",41.015379,-71.105773,"KW",1274,1
2011-05-13,18991230,"B",41.015597,-71.016932,"JV",1277,1
2011-04-19,18991230,"A",41.015856,-71.716701,"KW",1282,1
2011-05-02,18991230,"A",41.017963,-71.559722,"JV",1309,1
2011-05-02,18991230,"B",41.019383,-71.311441,"JV",1330,1
2011-05-02,18991230,"B",41.02165,-71.18479,"JV",1364,3
2011-04-19,18991230,"A",41.02492,-71.107089,"KW",1418,1
2011-05-31,18991230,"B",41.028502,-71.103168,"JV",1465,1
2011-05-02,18991230,"A",41.032124,-71.066661,"JV",1518,1
2011-02-17,18991230,"B",41.037831,-71.434367,"KW",1610,1
2011-12-13,18991230,"C",41.041431,-71.435255,"Ellen",1671,1
2011-05-13,18991230,"B",41.04185,-71.018547,"JV",1673,1
2011-05-13,18991230,"A",41.044714,-71.759383,"JV",1722,2
2011-05-02,18991230,"B",41.045388,-71.561131,"KW",1733,6
2011-02-23,18991230,"B",41.045582,-70.895373,"KW",1735,1
2011-04-19,18991230,"C",41.046714,-71.606173,"JV",1749,2
2011-08-31,18991230,"A",41.050595,-71.724511,"KW",1803,1
2011-02-07,18991230,"B",41.051831,-71.230845,"KW",1822,1
2011-04-19,18991230,"B",41.052343,-71.226807,"JV",1827,1
2011-05-13,18991230,"A",41.052413,-71.759387,"KW",1828,1
2011-04-07,18991230,"A",41.055124,-71.764835,"KW",1855,1
2011-05-02,18991230,"C",41.05613,-71.187148,"JV",1889,3
2011-12-04,18991230,"A",41.056567,-71.766683,"Ellen",1901,1
2011-11-06,18991230,"A",41.057209,-70.979263,"KW",1926,1
2011-12-13,18991230,"C",41.059309,-71.683931,"Ellen",1964,1
2011-05-02,18991230,"A",41.060635,-71.06741,"JV",1989,1
2011-05-02,18991230,"B",41.060796,-70.94045,"JV",1994,1
2011-12-09,18991230,"A",41.062095,-71.725288,"Ellen",2021,1
2011-09-26,18991230,"A",41.06763,-71.473775,"KW",2109,1
2011-04-07,18991230,"A",41.069703,-71.765355,"KW",2145,1
2011-01-28,18991230,"A",41.071398,-70.89175,"KW",2183,1
2011-02-23,18991230,"A",41.072397,-71.770585,"JV",2192,3
2011-05-02,18991230,"A",41.072936,-71.679598,"KW",2202,1
2011-12-04,18991230,"B",41.073192,-71.643905,"KW",2217,1
2011-01-28,18991230,"B",41.073421,-71.514432,"KW",2221,1
2011-05-13,18991230,"A",41.074735,-71.516369,"KW",2254,1
2011-05-13,18991230,"A",41.075465,-70.903237,"KW",2266,1
2011-06-06,18991230,"A",41.075575,-71.436937,"",2268,1
2011-11-06,18991230,"A",41.07583,-70.980289,"KW",2275,1
2011-02-23,18991230,"A",41.076668,-71.271382,"KW",2286,1
2011-01-28,18991230,"B",41.076776,-71.39339,"KW",2291,1
2011-01-28,18991230,"A",41.07684,-71.514687,"KW",2293,2
2011-02-23,18991230,"A",41.077097,-71.518684,"KW",2298,2
2011-03-15,18991230,"A",41.078714,-71.313642,"KW",2319,1
2011-12-13,18991230,"B",41.079118,-71.561763,"Ellen",2324,1
2011-03-15,18991230,"A",41.079421,-71.065459,"KW",2327,1
2011-02-23,18991230,"A",41.081184,-71.519371,"KW",2365,1
2011-04-19,18991230,"A",41.081796,-71.607263,"JV",2372,2
2011-04-07,18991230,"A",41.081913,-71.765651,"KW",2373,1
2011-02-07,18991230,"A",41.083957,-71.475022,"KW",2397,1
2011-01-28,18991230,"B",41.085045,-71.027813,"KW",2410,1
2011-06-06,18991230,"A",41.085416,-71.565366,"",2421,6
2011-05-02,18991230,"C",41.085614,-71.563187,"JV",2426,2
2011-02-07,18991230,"B",41.085981,-71.232993,"KW",2436,1
2011-05-02,18991230,"A",41.08668,-71.317941,"KW",2452,1
2011-04-19,18991230,"B",41.087352,-71.722617,"KW",2473,1
2011-05-02,18991230,"A",41.08824,-71.679694,"KW",2487,1
2011-01-28,18991230,"A",41.089387,-70.892882,"KW",2510,1
2011-01-28,18991230,"C",41.08945,-71.771566,"KW",2512,2
2011-05-13,18991230,"A",41.089888,-70.904433,"KW",2520,1
2011-03-04,18991230,"B",41.090554,-71.72241,"JV",2531,1
2011-02-23,18991230,"A",41.092604,-71.520785,"KW",2566,1
2011-04-19,18991230,"B",41.092798,-71.723013,"KW",2570,1
2011-04-19,18991230,"A",41.092908,-71.608856,"JV",2572,1
2011-04-07,18991230,"A",41.093146,-71.765861,"JV",2574,1
2011-05-13,18991230,"A",41.0935,-71.517678,"JV",2581,1
2011-01-28,18991230,"A",41.095103,-71.772306,"KW",2613,1
2011-05-13,18991230,"A",41.096305,-71.757971,"KW",2637,1
2011-05-13,18991230,"B",41.096305,-71.757971,"KW",2638,1
2011-03-15,18991230,"A",41.096754,-71.688309,"KW",2644,2
2011-04-07,18991230,"A",41.097718,-71.765893,"JV",2661,1
2011-12-04,18991230,"A",41.098475,-71.769704,"Ellen",2679,1
2011-02-07,18991230,"A",41.098499,-71.72695,"KW",2681,1
2011-01-28,18991230,"A",41.099658,-71.772838,"KW",2696,2
2011-03-04,18991230,"A",41.100829,-71.110745,"KW",2706,1
2011-02-17,18991230,"B",41.10093,-71.686817,"KW",2711,2
2011-05-02,18991230,"A",41.101137,-71.563299,"KW",2717,1
2011-05-13,18991230,"A",41.101596,-71.021437,"KW",2725,1
2011-02-23,18991230,"A",41.102703,-71.645639,"JV",2746,1
2011-03-15,18991230,"A",41.102829,-71.689038,"JV",2753,1
2011-04-07,18991230,"A",41.103403,-71.765904,"JV",2762,1
2011-04-19,18991230,"A",41.103685,-71.724334,"JV",2767,1
2011-04-19,18991230,"A",41.103685,-71.724334,"KW",2768,1
2011-02-23,18991230,"A",41.103741,-71.645799,"KW",2770,24
2011-01-28,18991230,"A",41.104226,-71.773264,"KW",2777,1
2011-01-28,18991230,"B",41.104373,-71.644347,"JV",2782,1
2011-05-13,18991230,"A",41.105038,-71.757992,"KW",2793,1
2011-12-13,18991230,"B",41.10516,-71.688071,"KW",2794,1
2011-04-19,NA,"A",41.106355,-71.610366,"JV",2817,1
2011-05-13,18991230,"A",41.106665,-71.650726,"KW",2828,1
2011-04-07,18991230,"A",41.107362,-71.647606,"JV",2835,1
2011-05-31,18991230,"A",41.107562,-71.611257,"JV",2838,1
2011-12-04,18991230,"B",41.107578,-71.770174,"KW",2840,1
2011-01-28,18991230,"B",41.107622,-71.645168,"KW",2842,1
2011-05-13,18991230,"A",41.108839,-71.650862,"KW",2863,1
2011-02-07,18991230,"A",41.108942,-71.612897,"KW",2865,1
2011-02-07,18991230,"A",41.109739,-71.726896,"KW",2879,1
2011-05-02,18991230,"A",41.109839,-71.563586,"KW",2885,1
2011-05-02,18991230,"A",41.110224,-70.943972,"JV",2892,3
2011-01-28,18991230,"A",41.110269,-71.147867,"JV",2896,2
2011-05-13,18991230,"A",41.110495,-71.758124,"KW",2900,1
2011-03-15,18991230,"A",41.110852,-71.689883,"KW",2903,1
2011-03-15,18991230,"A",41.111384,-70.945018,"KW",2909,1
2011-04-19,18991230,"B",41.111921,-71.726171,"KW",2912,1
2011-02-07,18991230,"A",41.112228,-70.985697,"KW",2918,1
2011-05-31,18991230,"A",41.112793,-71.61143,"KW",2934,2
2011-04-07,18991230,"A",41.113317,-71.520318,"KW",2945,1
2011-02-23,18991230,"B",41.113353,-71.276063,"JV",2946,1
2011-01-28,18991230,"C",41.116032,-71.029374,"KW",2997,3
2011-01-28,18991230,"A",41.11619,-71.646985,"KW",3001,1
2011-05-13,18991230,"A",41.116364,-71.404824,"JV",3007,2
2011-02-23,18991230,"A",41.116529,-71.521983,"KW",3008,1
2011-02-07,18991230,"A",41.116991,-71.726676,"KW",3016,2
2011-02-17,18991230,"B",41.117111,-71.687934,"KW",3022,3
2011-11-26,18991230,"B",41.117956,-70.9445,"KW",3045,1
2011-05-13,18991230,"A",41.119161,-71.758569,"KW",3068,1
2011-03-04,18991230,"A",41.119961,-71.613805,"KW",3083,12
2011-12-13,18991230,"B",41.120809,-71.689329,"KW",3098,2
2011-12-13,18991230,"C",41.120809,-71.689329,"KW",3099,1
2011-04-19,18991230,"A",41.120956,-71.612432,"KW",3101,1
2011-04-19,18991230,"B",41.120956,-71.612432,"JV",3102,3
2011-02-23,18991230,"A",41.121124,-71.399531,"KW",3106,1
2011-02-07,18991230,"A",41.121694,-70.986487,"KW",3114,1
2011-12-04,18991230,"B",41.122579,-71.771862,"KW",3129,1
2011-05-02,18991230,"B",41.122796,-70.943393,"JV",3132,1
2011-05-02,18991230,"A",41.122846,-71.070103,"JV",3134,1
2011-01-28,18991230,"A",41.123447,-71.774894,"KW",3147,15
2011-01-28,18991230,"B",41.123639,-71.648261,"KW",3151,1
2011-05-02,18991230,"A",41.123942,-71.070113,"KW",3155,3
2011-12-09,18991230,"A",41.124297,-71.480106,"KW",3165,1
2011-12-13,18991230,"A",41.124712,-70.944415,"Ellen",3169,2
2011-02-23,18991230,"A",41.124901,-71.648737,"KW",3176,1
2011-05-13,18991230,"A",41.1258,-70.905879,"JV",3192,1
2011-04-07,18991230,"A",41.126191,-71.648531,"KW",3196,5
2011-03-15,18991230,"A",41.126511,-71.576017,"KW",3204,1
2011-02-17,18991230,"B",41.126758,-71.688681,"KW",3209,2
2011-12-04,18991230,"A",41.127141,-71.647822,"KW",3213,1
2011-04-07,18991230,"A",41.127172,-71.648547,"JV",3214,2
2011-12-13,18991230,"B",41.127183,-71.689981,"KW",3215,1
2011-01-28,18991230,"B",41.127949,-71.775139,"KW",3235,1
2011-02-07,18991230,"A",41.129863,-71.233843,"KW",3284,1
2011-12-09,18991230,"B",41.130237,-70.987039,"KW",3290,1
2011-12-13,18991230,"A",41.130816,-71.690146,"KW",3302,1
2011-12-13,18991230,"A",41.130816,-71.690146,"Ellen",3303,1
2011-12-13,18991230,"B",41.130816,-71.690146,"Ellen",3304,1
2011-03-04,18991230,"A",41.131466,-71.479632,"KW",3310,2
2011-02-17,18991230,"B",41.131676,-70.946098,"KW",3311,1
2011-12-09,18991230,"B",41.132098,-71.609424,"KW",3319,1
2011-02-23,18991230,"B",41.132132,-71.649108,"KW",3321,1
2011-12-04,18991230,"B",41.132619,-71.648482,"Ellen",3335,1
2011-12-13,18991230,"B",41.13359,-71.690347,"KW",3361,1
2011-02-23,18991230,"B",41.133974,-71.774805,"JV",3369,1
2011-05-13,18991230,"A",41.134261,-71.406337,"KW",3378,1
2011-01-28,18991230,"A",41.134323,-71.520092,"KW",3381,1
2011-04-07,18991230,"A",41.13529,-71.76581,"JV",3400,1
2011-02-23,18991230,"A",41.135316,-71.649162,"KW",3402,1
2011-12-09,18991230,"A",41.136029,-71.610133,"Ellen",3419,1
2011-01-28,18991230,"A",41.136313,-71.77577,"KW",3429,12
2011-02-07,18991230,"A",41.136404,-71.728202,"KW",3435,1
2011-02-17,18991230,"A",41.137268,-71.688224,"KW",3450,1
2011-02-17,18991230,"B",41.137268,-71.688224,"KW",3451,1
2011-04-19,18991230,"A",41.138633,-71.615765,"KW",3490,1
2011-01-28,18991230,"B",41.138665,-71.649796,"JV",3491,3
2011-05-13,18991230,"B",41.13952,-71.406762,"JV",3516,1
2011-03-15,18991230,"A",41.139659,-71.691202,"KW",3520,1
2011-05-02,18991230,"A",41.139715,-71.685225,"KW",3521,2
2011-01-28,18991230,"A",41.139724,-70.897268,"KW",3522,4
2011-02-23,18991230,"A",41.140547,-71.649297,"KW",3532,2
2011-04-19,18991230,"A",41.140562,-71.481083,"JV",3533,1
2011-04-07,18991230,"A",41.141027,-71.649815,"KW",3544,5
2011-11-06,18991230,"C",41.141125,-71.361544,"JV",3550,2
2011-03-15,18991230,"B",41.141649,-71.691227,"KW",3558,6
2011-02-17,18991230,"B",41.142031,-71.688434,"KW",3569,1
2011-12-13,18991230,"A",41.142876,-71.194428,"Ellen",3579,1
2011-04-19,18991230,"A",41.143064,-71.730297,"KW",3583,2
2011-03-15,18991230,"A",41.143624,-71.691217,"KW",3600,4
2011-02-07,18991230,"A",41.143702,-70.987893,"KW",3602,1
2011-01-28,18991230,"A",41.144171,-71.40092,"JV",3609,1
2011-05-13,18991230,"A",41.144237,-71.024468,"JV",3611,1
2011-12-04,18991230,"B",41.144322,-71.031462,"KW",3613,1
2011-02-17,18991230,"A",41.144512,-71.318844,"KW",3615,1
2011-04-07,18991230,"A",41.144649,-71.765333,"KW",3617,2
2011-03-15,18991230,"A",41.144796,-70.946714,"JV",3620,7
2011-05-13,18991230,"A",41.144845,-71.651283,"JV",3623,2
2011-12-09,18991230,"C",41.144937,-71.732866,"Ellen",3626,1
2011-01-28,18991230,"B",41.145121,-71.776514,"KW",3629,4
2011-03-15,18991230,"B",41.145574,-71.691201,"KW",3640,2
2011-04-19,18991230,"B",41.147,-71.114506,"KW",3664,1
2011-05-31,18991230,"B",41.147326,-71.729435,"KW",3671,1
2011-02-17,18991230,"A",41.147738,-71.689042,"JV",3680,2
2011-03-15,18991230,"B",41.147819,-70.946874,"JV",3682,2
2011-04-19,18991230,"A",41.148455,-71.730644,"KW",3699,2
2011-02-07,18991230,"A",41.148744,-71.359799,"KW",3706,1
2011-02-23,18991230,"A",41.148812,-71.52287,"KW",3708,1
2011-12-04,18991230,"B",41.149223,-71.649764,"Ellen",3715,1
2011-02-23,18991230,"A",41.149369,-71.15376,"KW",3719,1
2011-05-13,18991230,"A",41.14968,-71.523872,"JV",3721,1
2011-05-13,18991230,"A",41.149734,-71.761006,"KW",3725,1
2011-05-02,18991230,"B",41.150191,-71.439235,"JV",3734,4
2011-03-15,18991230,"A",41.15038,-71.691594,"KW",3736,8
2011-03-15,18991230,"A",41.150856,-70.947076,"JV",3743,2
2011-03-15,18991230,"A",41.151338,-71.691755,"JV",3753,1
2011-01-28,18991230,"B",41.151628,-71.651339,"JV",3756,1
2011-02-17,18991230,"B",41.152579,-71.689872,"KW",3770,1
2011-04-07,18991230,"B",41.152628,-71.3999,"JV",3771,1
2011-03-15,18991230,"A",41.15326,-71.692197,"KW",3792,12
2011-03-15,18991230,"B",41.15326,-71.692197,"KW",3793,15
2011-01-28,18991230,"A",41.154256,-71.033012,"KW",3805,2
2011-03-15,18991230,"A",41.155167,-71.692737,"KW",3828,8
2011-05-02,18991230,"A",41.155559,-71.439551,"KW",3834,2
2011-05-13,18991230,"A",41.155707,-71.65167,"JV",3840,3
2011-03-15,18991230,"A",41.156117,-71.692994,"KW",3847,4
2011-12-04,18991230,"B",41.156124,-71.529326,"KW",3848,1
2011-02-07,18991230,"A",41.156617,-71.23727,"KW",3855,1
2011-04-19,18991230,"A",41.157105,-71.731102,"KW",3864,1
2011-03-04,18991230,"A",41.157494,-71.236753,"KW",3871,1
2011-03-15,18991230,"A",41.158031,-71.693467,"KW",3884,2
2011-04-07,18991230,"A",41.1581,-70.9149,"KW",3885,1
2011-01-28,18991230,"B",41.158168,-71.651998,"KW",3886,1
2011-02-17,18991230,"A",41.158883,-70.947,"KW",3896,3
2011-02-17,18991230,"B",41.159424,-71.691283,"KW",3906,1
2011-03-15,18991230,"A",41.159963,-71.693933,"KW",3915,3
2011-03-15,18991230,"B",41.159963,-71.693933,"KW",3916,1
2011-05-02,18991230,"C",41.161034,-71.193915,"JV",3946,1
2011-05-13,18991230,"A",41.161122,-71.65208,"JV",3949,1
2011-11-26,18991230,"A",41.161489,-71.071767,"KW",3953,1
2011-01-28,18991230,"A",41.162233,-71.401518,"KW",3966,1
2011-01-28,18991230,"B",41.16237,-70.902973,"KW",3969,1
2011-04-07,18991230,"A",41.162511,-71.029133,"JV",3972,2
2011-03-15,18991230,"A",41.162914,-71.694419,"KW",3981,2
2011-03-15,18991230,"B",41.163651,-71.320599,"KW",3995,1
2011-12-13,18991230,"B",41.163936,-71.073462,"KW",3998,1
2011-02-23,18991230,"B",41.165619,-71.649569,"KW",4018,1
2011-04-19,18991230,"A",41.16607,-71.481458,"JV",4027,1
2011-02-23,18991230,"B",41.166864,-71.279065,"KW",4054,1
2011-04-19,18991230,"B",41.166882,-71.732046,"JV",4056,2
2011-02-23,18991230,"B",41.167003,-71.404081,"KW",4059,1
2011-11-26,18991230,"A",41.167018,-70.94878,"KW",4060,1
2011-04-19,18991230,"C",41.167835,-71.363364,"JV",4078,1
2011-02-07,18991230,"A",41.168042,-71.239399,"KW",4081,1
2011-01-28,18991230,"A",41.168141,-71.152468,"KW",4085,1
2011-04-19,18991230,"A",41.168356,-71.481817,"JV",4090,5
2011-04-07,18991230,"A",41.168677,-70.916491,"KW",4096,1
2011-03-04,18991230,"B",41.168894,-71.729561,"JV",4100,1
2011-05-02,18991230,"A",41.170706,-71.075047,"KW",4119,1
2011-01-28,18991230,"A",41.171299,-71.652928,"KW",4130,1
2011-01-28,18991230,"A",41.171487,-70.904919,"KW",4132,2
2011-02-23,18991230,"B",41.171694,-71.650698,"KW",4137,1
2011-01-28,18991230,"A",41.171724,-71.403506,"KW",4140,1
2011-03-04,18991230,"B",41.171786,-71.237934,"KW",4144,1
2011-02-07,18991230,"A",41.172045,-71.116793,"KW",4149,1
2011-02-07,18991230,"B",41.172045,-71.116793,"KW",4150,1
2011-02-23,18991230,"B",41.172244,-70.90692,"KW",4158,1
2011-01-28,18991230,"A",41.172385,-71.653025,"JV",4161,2
2011-03-15,18991230,"B",41.172415,-71.321862,"KW",4162,5
2011-02-23,18991230,"A",41.172897,-71.27923,"JV",4168,1
2011-03-15,18991230,"A",41.173305,-70.947103,"KW",4175,1
2011-01-28,18991230,"B",41.173771,-70.905534,"JV",4192,2
2011-12-04,18991230,"A",41.173926,-71.651362,"KW",4193,1
2011-02-23,18991230,"A",41.174727,-71.526674,"JV",4213,1
2011-02-23,18991230,"A",41.175733,-71.65146,"KW",4235,1
2011-04-07,18991230,"A",41.176435,-71.649867,"KW",4248,1
2011-05-13,18991230,"A",41.176459,-70.909378,"JV",4250,1
2011-03-15,18991230,"B",41.176723,-71.322408,"KW",4257,1
2011-01-28,18991230,"A",41.176742,-71.653482,"KW",4258,15
2011-01-28,18991230,"A",41.177197,-70.906285,"KW",4265,3
2011-01-28,18991230,"A",41.177532,-71.530431,"KW",4268,2
2011-04-19,18991230,"A",41.177607,-71.483426,"JV",4269,1
2011-03-15,18991230,"A",41.177624,-71.074171,"KW",4271,1
2011-12-04,18991230,"B",41.177755,-71.531207,"Ellen",4274,1
2011-04-19,18991230,"A",41.177756,-71.733007,"KW",4275,1
2011-04-19,18991230,"A",41.17786,-71.237416,"JV",4276,1
2011-05-13,18991230,"A",41.177867,-71.165253,"KW",4277,1
2011-01-28,18991230,"B",41.178042,-71.27746,"JV",4279,1
2011-02-23,18991230,"A",41.178236,-71.777412,"JV",4281,1
2011-01-28,18991230,"A",41.178342,-70.906491,"JV",4283,1
2011-04-19,18991230,"A",41.178839,-71.733123,"JV",4288,1
2011-01-28,18991230,"A",41.178938,-71.653755,"JV",4290,2
2011-01-28,18991230,"B",41.179201,-71.277453,"KW",4297,1
2011-02-23,18991230,"A",41.179512,-71.404865,"JV",4312,1
2011-02-23,18991230,"A",41.179785,-71.6522,"KW",4313,2
2011-02-23,18991230,"A",41.180052,-71.527502,"KW",4323,2
2011-12-04,18991230,"A",41.180252,-71.156241,"Ellen",4330,2
2011-04-07,18991230,"A",41.180346,-71.649912,"KW",4333,4
2011-03-15,18991230,"A",41.180459,-70.947101,"KW",4334,1
2011-02-23,18991230,"A",41.180547,-71.404882,"KW",4338,1
2011-03-15,18991230,"A",41.181105,-71.3228,"JV",4351,1
2011-01-28,18991230,"A",41.181165,-71.654019,"KW",4353,1
2011-02-23,18991230,"A",41.181891,-71.279863,"JV",4361,1
2011-11-26,18991230,"B",41.182259,-71.072615,"JV",4367,1
2011-12-13,18991230,"A",41.183446,-71.446343,"Ellen",4383,1
2011-02-23,18991230,"A",41.183809,-71.652793,"KW",4386,1
2011-02-23,18991230,"B",41.183809,-71.652793,"KW",4387,2
2011-05-13,18991230,"A",41.18405,-71.654708,"JV",4391,2
2011-12-09,18991230,"A",41.184442,-71.735959,"KW",4400,1
2011-05-13,18991230,"B",41.185138,-71.65481,"KW",4416,2
2011-04-19,18991230,"A",41.18527,-71.73383,"KW",4420,1
2011-05-02,18991230,"A",41.185365,-71.196366,"KW",4422,1
2011-02-23,18991230,"A",41.18574,-71.40488,"KW",4431,2
2011-05-13,18991230,"A",41.186386,-71.765092,"KW",4440,1
2011-01-28,18991230,"B",41.186768,-71.654619,"JV",4444,3
2011-12-13,18991230,"A",41.187068,-71.446453,"Ellen",4450,1
2011-01-28,18991230,"A",41.187355,-71.533841,"KW",4454,1
2011-04-07,18991230,"A",41.188612,-70.918304,"KW",4473,8
2011-03-04,18991230,"A",41.18872,-71.239925,"KW",4477,2
2011-11-06,18991230,"A",41.188919,-71.735981,"KW",4480,1
2011-01-28,18991230,"A",41.189312,-71.278689,"KW",4484,1
2011-01-28,18991230,"B",41.190129,-71.655092,"KW",4497,2
2011-05-13,18991230,"A",41.191659,-71.765459,"JV",4512,1
2011-09-21,18991230,"A",41.19181,-71.694695,"KW",4517,1
2011-02-23,18991230,"B",41.192577,-70.908034,"KW",4534,1
2011-02-17,18991230,"A",41.192731,-71.692414,"KW",4536,1
2011-02-23,18991230,"A",41.193043,-71.777922,"KW",4541,1
2011-01-28,18991230,"B",41.193493,-71.655585,"JV",4548,1
2011-03-15,18991230,"B",41.194129,-71.323851,"KW",4559,2
2011-02-23,18991230,"A",41.194603,-71.15729,"KW",4563,1
2011-05-02,18991230,"B",41.194783,-70.947886,"KW",4567,1
2011-01-28,18991230,"B",41.196172,-71.280246,"JV",4584,1
2011-02-17,18991230,"A",41.196451,-71.692508,"KW",4588,1
2011-11-26,18991230,"B",41.196732,-71.32322,"JV",4590,1
2011-02-23,18991230,"B",41.196881,-70.908137,"KW",4593,1
2011-05-13,18991230,"A",41.196884,-71.766026,"KW",4594,3
2011-02-23,18991230,"B",41.197136,-71.529886,"JV",4601,1
2011-12-13,18991230,"A",41.197345,-71.694569,"Ellen",4605,2
2011-05-02,18991230,"A",41.197897,-71.077854,"JV",4617,1
2011-01-28,18991230,"A",41.197981,-71.656151,"KW",4620,1
2011-05-02,18991230,"A",41.199612,-71.327158,"JV",4647,2
2011-02-23,18991230,"B",41.20202,-71.655242,"KW",4682,1
2011-02-23,18991230,"B",41.202391,-71.157482,"KW",4690,1
2011-01-28,18991230,"A",41.202491,-71.656457,"JV",4694,15
2011-01-28,18991230,"C",41.202491,-71.656457,"KW",4695,2
2011-02-23,18991230,"A",41.203371,-70.908254,"KW",4708,1
2011-05-02,18991230,"A",41.204434,-71.690882,"KW",4718,1
2011-05-31,18991230,"A",41.204685,-70.99173,"JV",4721,1
2011-05-13,18991230,"A",41.206348,-71.766963,"JV",4740,1
2011-02-23,18991230,"A",41.206821,-71.531246,"KW",4742,2
2011-12-13,18991230,"A",41.207553,-71.695349,"Ellen",4753,1
2011-12-13,18991230,"C",41.207553,-71.695349,"Ellen",4755,1
2011-04-19,18991230,"B",41.207684,-71.73669,"KW",4757,1
2011-04-19,18991230,"B",41.207737,-71.239491,"KW",4758,1
2011-01-28,18991230,"A",41.208352,-70.908582,"KW",4764,1
2011-04-07,18991230,"A",41.208377,-71.650784,"JV",4766,1
2011-02-23,18991230,"A",41.208495,-71.406448,"KW",4771,1
2011-03-04,18991230,"A",41.20881,-71.607568,"KW",4778,1
2011-04-19,18991230,"B",41.209065,-71.61241,"JV",4783,2
2011-12-13,18991230,"A",41.209414,-71.695495,"KW",4789,1
2011-12-04,18991230,"B",41.209644,-71.654964,"KW",4794,1
2011-02-23,18991230,"B",41.210093,-71.531627,"JV",4804,1
2011-12-04,18991230,"C",41.210179,-71.532142,"KW",4807,1
2011-03-04,18991230,"A",41.210257,-71.119327,"KW",4808,1
2011-01-28,18991230,"A",41.210265,-70.908996,"KW",4809,1
2011-09-12,18991230,"A",41.210433,-70.911461,"JV",4811,1
2011-05-02,18991230,"B",41.2109,-70.949116,"KW",4816,2
2011-05-02,18991230,"B",41.211041,-71.691371,"KW",4819,1
2011-02-23,18991230,"A",41.211194,-71.53173,"KW",4825,1
2011-02-23,18991230,"B",41.211947,-70.908514,"KW",4833,1
2011-01-28,18991230,"B",41.212491,-71.657099,"KW",4841,12
2011-01-28,18991230,"C",41.212948,-71.537453,"KW",4859,3
2011-04-19,18991230,"A",41.213083,-71.737373,"KW",4863,3
2011-12-04,18991230,"B",41.213407,-71.655171,"KW",4867,1
2011-02-07,18991230,"A",41.213463,-71.605931,"KW",4868,1
2011-05-02,18991230,"A",41.21389,-71.691617,"KW",4871,1
2011-12-13,18991230,"A",41.214022,-71.695929,"KW",4874,1
2011-04-19,18991230,"A",41.214048,-71.61355,"KW",4875,2
2011-02-23,18991230,"B",41.214523,-71.531948,"KW",4883,1
2011-01-28,18991230,"A",41.214995,-71.406753,"JV",4892,1
2011-01-28,18991230,"A",41.215161,-71.537679,"KW",4897,1
2011-01-28,18991230,"A",41.215844,-71.65697,"KW",4906,5
2011-04-07,18991230,"A",41.215992,-70.917452,"KW",4915,1
2011-12-04,18991230,"A",41.216213,-71.532706,"Ellen",4920,1
2011-02-23,18991230,"A",41.216256,-71.656918,"KW",4922,1
2011-12-09,18991230,"B",41.21626,-71.613514,"KW",4923,1
2011-04-19,18991230,"A",41.216361,-71.737663,"KW",4924,1
2011-12-04,18991230,"A",41.217224,-71.532807,"Ellen",4940,1
2011-02-23,18991230,"B",41.217869,-71.532133,"JV",4944,1
2011-02-23,18991230,"A",41.21842,-71.77981,"JV",4957,1
2011-05-02,18991230,"B",41.218669,-71.080072,"JV",4960,1
2011-04-19,18991230,"A",41.218975,-71.12472,"KW",4968,1
2011-04-07,18991230,"A",41.219197,-70.917314,"KW",4969,1
2011-03-04,18991230,"B",41.219214,-71.241884,"KW",4970,1
2011-02-23,18991230,"B",41.219297,-71.657204,"KW",4973,4
2011-01-28,18991230,"B",41.220638,-71.538166,"KW",4995,2
2011-04-19,18991230,"A",41.221127,-71.489395,"JV",5003,1
2011-02-07,18991230,"A",41.221482,-71.606624,"KW",5009,1
2011-05-02,18991230,"A",41.22234,-70.949444,"JV",5024,1
2011-05-13,18991230,"B",41.223225,-71.165696,"KW",5040,2
2011-04-07,18991230,"B",41.22453,-70.917141,"KW",5054,1
2011-02-23,18991230,"A",41.22455,-71.283304,"KW",5057,1
2011-02-17,18991230,"C",41.224659,-71.697919,"KW",5059,1
2011-02-23,18991230,"B",41.224743,-71.780611,"KW",5060,3
2011-01-28,18991230,"C",41.224808,-71.65618,"KW",5066,1
2011-12-13,18991230,"B",41.225003,-71.697176,"KW",5070,1
2011-03-15,18991230,"A",41.225027,-71.077668,"KW",5071,1
2011-02-23,18991230,"A",41.225447,-71.532835,"KW",5077,1
2011-02-23,18991230,"B",41.225447,-71.532835,"KW",5079,1
2011-02-23,18991230,"B",41.225988,-70.908943,"KW",5089,1
2011-01-28,18991230,"A",41.226143,-71.538618,"KW",5091,2
2011-02-23,18991230,"A",41.226447,-71.657752,"JV",5095,1
2011-02-23,18991230,"A",41.227146,-71.408346,"KW",5117,2
2011-03-04,18991230,"A",41.227616,-71.610074,"KW",5137,1
2011-02-23,18991230,"B",41.228142,-70.90897,"KW",5157,1
2011-04-07,18991230,"B",41.228645,-71.656919,"KW",5167,1
2011-02-23,18991230,"A",41.228975,-71.78083,"KW",5170,1
2011-01-28,18991230,"B",41.229219,-71.407531,"KW",5173,1
2011-04-19,18991230,"A",41.22931,-71.365906,"KW",5179,1
2011-01-28,18991230,"B",41.229472,-71.538909,"KW",5181,1
2011-04-07,18991230,"A",41.229873,-71.40762,"KW",5192,1
2011-03-15,18991230,"A",41.230339,-71.325772,"KW",5202,1
2011-12-13,18991230,"A",41.231351,-71.697562,"Ellen",5221,1
2011-12-13,18991230,"A",41.231351,-71.697562,"Ellen",5223,2
2011-12-13,18991230,"B",41.231351,-71.697562,"Ellen",5224,1
2011-02-07,18991230,"A",41.231906,-70.990204,"KW",5231,1
2011-05-02,18991230,"B",41.231908,-71.080298,"JV",5232,1
2011-03-15,18991230,"A",41.232647,-71.078054,"KW",5246,1
2011-02-23,18991230,"B",41.233056,-71.533426,"JV",5264,1
2011-01-28,18991230,"A",41.233142,-71.158184,"KW",5267,1
2011-02-23,18991230,"B",41.233342,-71.409097,"JV",5271,1
2011-12-09,18991230,"B",41.23437,-71.614645,"Ellen",5292,1
2011-02-23,18991230,"A",41.234384,-71.409213,"KW",5293,1
2011-05-02,18991230,"A",41.235266,-71.199824,"JV",5302,1
2011-02-23,18991230,"A",41.23527,-71.781108,"JV",5303,2
2011-05-02,18991230,"A",41.236112,-71.826068,"JV",5323,3
2011-04-07,18991230,"A",41.236387,-71.658431,"KW",5325,1
2011-04-19,18991230,"A",41.237457,-71.738939,"KW",5353,1
2011-05-13,18991230,"A",41.237598,-71.032359,"JV",5357,2
2011-02-23,18991230,"A",41.237858,-70.909594,"KW",5361,2
2011-05-02,18991230,"B",41.238368,-70.949297,"KW",5370,1
2011-05-02,18991230,"B",41.240652,-70.949251,"JV",5415,1
2011-05-13,18991230,"B",41.240674,-70.915216,"JV",5417,1
2011-03-04,18991230,"A",41.241258,-71.369813,"KW",5427,1
2011-12-09,18991230,"A",41.241951,-71.740913,"Ellen",5436,1
2011-01-28,18991230,"A",41.242428,-71.409166,"JV",5451,1
2011-03-04,18991230,"A",41.242803,-71.122609,"KW",5458,1
2011-12-13,18991230,"A",41.243424,-71.326552,"KW",5471,1
2011-04-19,18991230,"A",41.243455,-71.127486,"KW",5473,1
2011-03-04,18991230,"A",41.24352,-71.73418,"KW",5474,1
2011-03-15,18991230,"B",41.243697,-71.327096,"KW",5477,1
2011-03-15,18991230,"B",41.243733,-70.950344,"KW",5479,1
2011-02-23,18991230,"A",41.243754,-71.781806,"KW",5480,1
2011-02-23,18991230,"B",41.244362,-70.9105,"KW",5487,2
2011-05-02,18991230,"A",41.245019,-71.694116,"JV",5495,1
2011-03-15,18991230,"A",41.245212,-71.696839,"KW",5499,1
2011-12-13,18991230,"B",41.245897,-71.698788,"KW",5517,1
2011-03-15,18991230,"A",41.246079,-71.825077,"JV",5525,1
2011-05-02,18991230,"A",41.246397,-70.949216,"KW",5533,1
2011-12-04,18991230,"A",41.246784,-71.16025,"Ellen",5536,1
2011-02-23,18991230,"A",41.246863,-71.782074,"KW",5539,2
2011-01-28,18991230,"A",41.247055,-71.656615,"KW",5544,1
2011-05-13,18991230,"A",41.247588,-70.916005,"JV",5561,1
2011-04-19,18991230,"A",41.247779,-71.489446,"JV",5564,1
2011-03-04,18991230,"A",41.248008,-71.369825,"KW",5572,1
2011-04-19,18991230,"B",41.248216,-71.127691,"JV",5577,1
2011-03-15,18991230,"A",41.248539,-70.950876,"KW",5585,1
2011-02-23,18991230,"A",41.248913,-71.782241,"KW",5598,1
2011-01-28,18991230,"A",41.248986,-71.541024,"KW",5600,1
2011-03-15,18991230,"B",41.24909,-71.452702,"JV",5603,1
2011-05-02,18991230,"A",41.249309,-71.827606,"KW",5609,1
2011-02-17,18991230,"B",41.249351,-71.452274,"KW",5610,1
2011-01-28,18991230,"B",41.249442,-71.287634,"KW",5611,1
2011-11-26,18991230,"A",41.249608,-71.821428,"KW",5614,1
2011-02-17,18991230,"A",41.250326,-71.325484,"KW",5632,1
2011-03-15,18991230,"A",41.250468,-70.951105,"JV",5634,2
2011-04-19,18991230,"A",41.252363,-71.739269,"KW",5674,1
2011-05-13,18991230,"A",41.252435,-71.03341,"JV",5677,1
2011-05-02,18991230,"A",41.252863,-71.20089,"JV",5685,1
2011-04-07,18991230,"B",41.25292,-71.779879,"KW",5687,1
2011-03-04,18991230,"B",41.253222,-71.243317,"KW",5697,1
2011-01-28,18991230,"A",41.253673,-71.657363,"JV",5700,6
2011-05-13,18991230,"A",41.253687,-71.284509,"JV",5704,1
2011-02-17,18991230,"A",41.2541,-71.203572,"JV",5707,1
2011-02-23,18991230,"A",41.254128,-71.782701,"JV",5708,3
2011-01-28,18991230,"A",41.254147,-70.918035,"JV",5709,1
2011-02-17,18991230,"B",41.2552,-71.452483,"KW",5729,1
2011-03-04,18991230,"B",41.255718,-71.370394,"KW",5734,2
2011-12-04,18991230,"A",41.255786,-71.783401,"Ellen",5736,30
2011-12-13,18991230,"A",41.256076,-71.699443,"KW",5744,1
2011-12-04,18991230,"C",41.256301,-71.536853,"KW",5748,1
2011-04-19,18991230,"A",41.257286,-71.368889,"KW",5762,1
2011-03-15,18991230,"B",41.258043,-71.697664,"KW",5779,1
2011-03-15,18991230,"A",41.258304,-70.951805,"KW",5782,1
2011-03-15,18991230,"B",41.258304,-70.951805,"KW",5783,1
2011-02-07,18991230,"B",41.258481,-71.740357,"KW",5787,1
2011-03-04,18991230,"B",41.258824,-71.124971,"KW",5789,1
2011-02-23,18991230,"B",41.258995,-71.657813,"KW",5797,1
2011-05-02,18991230,"A",41.259176,-71.695157,"JV",5800,1
2011-02-17,18991230,"B",41.259893,-71.823625,"KW",5811,1
2011-02-17,18991230,"B",41.26103,-71.82369,"JV",5833,1
2011-12-04,18991230,"A",41.262599,-71.659096,"Ellen",5862,2
2011-02-17,18991230,"B",41.262883,-71.452863,"KW",5871,1
2011-03-04,18991230,"B",41.263445,-71.371363,"KW",5884,1
2011-02-23,18991230,"A",41.26354,-71.536332,"JV",5888,1
2011-02-17,18991230,"B",41.26428,-71.70284,"KW",5906,1
2011-12-04,18991230,"A",41.265432,-71.659455,"Ellen",5934,1
2011-04-19,18991230,"A",41.265853,-71.244917,"KW",5945,1
2011-04-19,18991230,"B",41.266126,-71.370837,"KW",5954,1
2011-03-15,18991230,"A",41.267196,-71.20483,"KW",5979,1
2011-02-23,18991230,"B",41.267932,-71.536393,"JV",5988,1
2011-03-15,18991230,"A",41.26802,-71.453036,"JV",5992,1
2011-02-17,18991230,"A",41.268498,-71.703181,"JV",6001,1
2011-04-19,18991230,"C",41.268681,-71.739891,"JV",6005,1
2011-01-28,18991230,"B",41.270166,-70.921172,"JV",6032,1
2011-03-04,18991230,"A",41.270364,-71.494993,"KW",6038,1
2011-05-02,18991230,"B",41.271493,-71.082865,"JV",6073,1
2011-02-17,18991230,"A",41.271677,-71.703474,"JV",6078,1
2011-03-04,18991230,"B",41.27173,-71.245889,"KW",6081,1
2011-02-23,18991230,"A",41.272052,-71.659695,"KW",6089,1
2011-04-19,18991230,"A",41.27341,-71.127535,"JV",6123,1
2011-05-02,18991230,"A",41.273496,-71.830953,"JV",6127,1
2011-04-19,18991230,"B",41.274389,-71.623378,"JV",6139,2
2011-05-02,18991230,"A",41.27489,-70.950867,"JV",6156,4
2011-05-02,18991230,"B",41.275438,-71.450966,"JV",6169,1
2011-02-23,18991230,"A",41.275661,-71.410948,"JV",6172,3
2011-04-19,18991230,"A",41.275859,-71.740091,"JV",6177,1
2011-02-17,18991230,"A",41.276303,-71.576613,"KW",6181,1
2011-03-04,18991230,"A",41.276917,-71.618518,"KW",6193,1
2011-02-23,18991230,"B",41.277841,-70.913222,"JV",6208,1
2011-04-19,18991230,"A",41.278038,-71.127126,"KW",6212,1
2011-04-19,18991230,"B",41.278581,-71.623719,"KW",6228,1
2011-02-07,18991230,"A",41.278596,-71.371709,"KW",6230,1
2011-02-07,18991230,"A",41.278801,-71.743796,"KW",6231,1
2011-03-15,18991230,"B",41.279105,-71.827638,"JV",6234,1
2011-05-02,18991230,"B",41.279683,-71.33217,"JV",6239,1
2011-02-17,18991230,"B",41.281065,-71.45458,"KW",6261,1
2011-02-23,18991230,"B",41.281086,-70.913455,"KW",6262,1
2011-02-23,18991230,"C",41.281086,-70.913455,"KW",6263,1
2011-03-04,18991230,"B",41.281253,-71.744627,"JV",6266,1
2011-02-23,18991230,"A",41.281647,-71.786209,"JV",6277,2
2011-01-28,18991230,"A",41.281683,-71.659438,"KW",6278,1
2011-03-15,18991230,"B",41.282125,-71.454775,"JV",6294,1
2011-12-13,18991230,"A",41.282775,-71.70114,"KW",6297,1
2011-05-13,18991230,"B",41.28279,-71.660633,"KW",6299,2
2011-03-15,18991230,"A",41.283498,-71.3293,"JV",6318,1
2011-04-19,18991230,"B",41.283653,-71.127021,"JV",6322,1
2011-05-13,18991230,"B",41.283719,-71.168409,"JV",6323,1
2011-05-02,18991230,"B",41.283885,-70.951384,"KW",6326,2
2011-04-07,18991230,"A",41.283938,-71.786049,"KW",6327,1
2011-02-07,18991230,"A",41.284413,-71.745248,"KW",6336,2
2011-02-07,18991230,"A",41.284433,-71.123601,"KW",6339,1
2011-01-28,18991230,"A",41.284737,-71.411831,"KW",6346,1
2011-03-15,18991230,"A",41.284867,-71.70214,"KW",6351,1
2011-02-07,18991230,"C",41.28487,-70.995952,"KW",6352,1
2011-05-13,18991230,"B",41.285559,-71.771231,"JV",6364,1
2011-04-19,18991230,"A",41.285869,-71.495991,"KW",6373,1
2011-01-28,18991230,"A",41.285988,-71.78757,"KW",6377,2
2011-02-23,18991230,"A",41.286091,-71.662603,"KW",6379,1
2011-05-02,18991230,"A",41.286146,-70.951495,"JV",6381,1
2011-05-02,18991230,"B",41.286146,-70.951495,"JV",6382,1
2011-05-02,18991230,"A",41.286153,-71.695789,"JV",6383,2
2011-05-02,18991230,"A",41.286811,-71.832405,"KW",6398,1
2011-10-11,18991230,"A",41.286919,-71.827014,"KW",6401,1
2011-12-04,18991230,"A",41.287192,-71.661211,"Ellen",6410,1
2011-02-17,18991230,"A",41.287208,-71.578357,"KW",6411,1
2011-02-23,18991230,"A",41.287549,-71.537861,"JV",6418,1
2011-02-17,18991230,"A",41.287565,-71.705131,"KW",6420,1
2011-12-09,18991230,"B",41.287591,-71.744267,"Ellen",6421,1
2011-05-02,18991230,"A",41.288014,-71.203418,"JV",6427,1
2011-01-28,18991230,"A",41.288198,-71.787756,"JV",6430,2
2011-01-28,18991230,"A",41.290352,-71.411816,"JV",6496,1
2011-01-28,18991230,"A",41.290403,-71.787977,"JV",6499,2
2011-04-19,18991230,"A",41.290631,-71.496797,"KW",6504,1
2011-05-02,18991230,"A",41.291194,-71.832685,"JV",6517,3
2011-04-07,18991230,"A",41.291947,-71.789161,"KW",6545,1
2011-03-15,18991230,"A",41.292041,-71.580571,"KW",6546,1
2011-02-07,18991230,"A",41.292238,-71.747188,"KW",6562,2
2011-02-07,18991230,"B",41.292238,-71.747188,"KW",6563,2
2011-05-02,18991230,"A",41.292288,-71.832763,"KW",6564,1
2011-02-23,18991230,"A",41.292952,-70.914519,"KW",6578,1
2011-02-17,18991230,"A",41.292981,-71.705402,"KW",6579,1
2011-01-28,18991230,"A",41.293088,-71.66106,"KW",6583,2
2011-02-07,18991230,"A",41.29318,-70.997687,"KW",6585,1
2011-03-04,18991230,"A",41.293191,-71.496386,"KW",6588,1
2011-03-15,18991230,"B",41.293291,-71.08334,"KW",6591,1
2011-03-04,18991230,"B",41.293558,-71.747853,"JV",6596,1
2011-01-28,18991230,"B",41.293674,-71.78838,"KW",6601,1
2011-04-07,18991230,"B",41.294075,-71.28913,"JV",6610,1
2011-05-13,18991230,"B",41.294654,-71.41635,"JV",6627,1
2011-12-13,18991230,"A",41.294905,-71.580015,"KW",6637,1
2011-03-15,18991230,"B",41.295063,-70.953946,"JV",6640,1
2011-02-23,18991230,"A",41.295081,-71.042571,"JV",6641,1
2011-02-23,18991230,"A",41.295265,-71.412092,"JV",6644,1
2011-03-04,18991230,"A",41.295275,-71.128539,"JV",6645,1
2011-02-23,18991230,"B",41.29535,-71.787454,"JV",6647,1
2011-03-04,18991230,"B",41.295415,-71.868652,"JV",6648,1
2011-12-13,18991230,"A",41.295426,-71.701593,"KW",6649,1
2011-01-28,18991230,"A",41.295587,-70.923666,"KW",6650,1
2011-03-15,18991230,"B",41.295748,-71.330192,"KW",6653,1
2011-02-23,18991230,"B",41.29589,-71.663004,"JV",6656,3
2011-05-02,18991230,"A",41.296573,-71.085832,"KW",6668,1
2011-04-19,18991230,"B",41.296646,-71.128422,"KW",6669,1
2011-12-04,18991230,"B",41.296745,-71.78732,"KW",6672,2
2011-02-07,18991230,"A",41.296848,-71.748204,"KW",6673,1
2011-05-13,18991230,"A",41.296888,-71.035946,"JV",6674,1
2011-11-06,18991230,"A",41.296971,-71.869618,"JV",6676,1
2011-04-19,18991230,"A",41.296973,-71.247856,"KW",6677,2
2011-02-23,18991230,"A",41.296979,-71.662962,"KW",6679,2
2011-02-23,18991230,"A",41.297208,-71.539437,"JV",6686,1
2011-03-04,18991230,"A",41.297552,-71.622082,"KW",6697,1
2011-01-28,18991230,"A",41.297993,-71.788834,"JV",6702,1
2011-01-28,18991230,"B",41.297993,-71.788834,"KW",6703,1
2011-03-15,18991230,"A",41.29809,-71.457163,"KW",6707,1
2011-02-07,18991230,"A",41.298319,-71.496467,"KW",6714,2
2011-12-13,18991230,"B",41.298622,-71.082357,"KW",6718,1
2011-01-28,18991230,"A",41.298861,-71.288368,"KW",6725,2
2011-03-15,18991230,"A",41.299237,-71.705076,"KW",6733,1
2011-02-23,18991230,"A",41.299556,-71.787905,"JV",6737,1
2011-02-23,18991230,"A",41.299556,-71.787905,"KW",6738,1
2011-12-04,18991230,"A",41.299573,-71.413735,"KW",6739,1
2011-01-28,18991230,"A",41.300068,-71.661996,"KW",6753,1
2011-02-17,18991230,"B",41.300348,-70.956712,"KW",6758,1
2011-12-13,18991230,"A",41.300915,-71.331133,"KW",6771,1
2011-03-15,18991230,"B",41.301073,-70.954098,"JV",6779,1
2011-02-23,18991230,"A",41.301561,-71.539954,"KW",6786,1
2011-02-23,18991230,"B",41.301561,-71.539954,"KW",6787,1
2011-05-13,18991230,"A",41.30159,-70.918635,"JV",6788,1
2011-02-07,18991230,"A",41.301806,-70.998841,"KW",6792,1
2011-11-26,18991230,"A",41.302202,-71.827408,"JV",6798,1
2011-01-28,18991230,"B",41.302412,-71.662187,"KW",6805,1
2011-01-28,18991230,"A",41.302512,-71.41171,"JV",6808,1
2011-04-07,18991230,"A",41.302976,-71.663972,"JV",6815,2
2011-03-15,18991230,"A",41.303211,-71.08329,"KW",6820,1
2011-03-15,18991230,"B",41.303211,-71.08329,"KW",6821,1
2011-05-31,18991230,"B",41.303279,-71.749823,"KW",6825,1
2011-01-28,18991230,"A",41.303361,-71.789163,"KW",6827,1
2011-02-17,18991230,"A",41.303378,-71.581065,"JV",6828,1
2011-03-04,18991230,"B",41.303405,-71.128674,"JV",6829,2
2011-02-07,18991230,"A",41.303787,-71.496925,"KW",6841,1
2011-05-13,18991230,"A",41.303794,-70.918684,"KW",6842,1
2011-04-19,18991230,"A",41.304125,-71.129683,"KW",6855,1
2011-11-26,18991230,"C",41.304286,-71.704036,"JV",6860,2
2011-12-13,18991230,"A",41.30436,-71.828389,"KW",6863,1
2011-02-17,18991230,"B",41.305032,-71.704592,"KW",6877,1
2011-04-19,18991230,"B",41.30519,-71.625486,"JV",6880,2
2011-12-13,18991230,"A",41.305238,-71.828384,"KW",6883,1
2011-03-04,18991230,"A",41.305516,-71.623469,"KW",6890,1
2011-04-19,18991230,"A",41.305879,-71.3721,"JV",6899,1
2011-02-23,18991230,"A",41.3059,-70.915901,"KW",6900,1
2011-04-07,18991230,"A",41.306138,-70.915307,"KW",6903,1
2011-02-17,18991230,"A",41.306139,-71.704466,"JV",6904,3
2011-02-07,18991230,"A",41.306458,-71.749813,"KW",6911,1
2011-01-28,18991230,"B",41.306553,-71.042105,"JV",6913,1
2011-01-28,18991230,"A",41.306574,-70.922761,"JV",6914,1
2011-12-13,18991230,"B",41.306986,-71.701923,"Ellen",6915,1
2011-11-06,18991230,"A",41.308074,-71.746103,"JV",6945,2
2011-01-28,18991230,"A",41.308354,-71.662212,"KW",6955,1
2011-04-07,18991230,"B",41.309554,-71.169233,"KW",6986,1
2011-05-13,18991230,"B",41.309794,-71.170508,"KW",6992,1
2011-12-13,18991230,"B",41.309947,-71.455993,"Ellen",6993,1
2011-03-15,18991230,"A",41.309976,-71.331686,"JV",6998,1
2011-03-04,18991230,"A",41.310043,-71.752079,"JV",7001,2
2011-03-04,18991230,"B",41.310043,-71.752079,"KW",7002,1
2011-02-17,18991230,"B",41.3101,-71.581851,"KW",7003,1
2011-02-23,18991230,"A",41.310359,-71.540597,"JV",7006,1
2011-02-07,18991230,"A",41.310702,-70.999758,"KW",7011,1
2011-04-07,18991230,"A",41.310927,-71.664957,"KW",7022,1
2011-01-28,18991230,"A",41.31107,-71.29098,"JV",7024,1
2011-12-04,18991230,"A",41.311124,-71.788128,"KW",7027,1
2011-02-17,18991230,"A",41.311748,-71.703723,"JV",7035,1
2011-01-28,18991230,"A",41.31218,-71.291237,"KW",7045,2
2011-02-07,18991230,"A",41.31231,-71.374735,"KW",7051,1
2011-12-13,18991230,"C",41.312371,-71.083449,"KW",7053,1
2011-12-09,18991230,"B",41.312429,-71.623361,"KW",7055,1
2011-01-28,18991230,"A",41.312723,-71.167403,"KW",7060,2
2011-05-13,18991230,"B",41.312729,-71.770599,"JV",7061,1
2011-04-19,18991230,"A",41.31276,-71.498234,"KW",7062,2
2011-02-17,18991230,"A",41.312878,-71.70357,"KW",7067,2
2011-03-15,18991230,"A",41.313019,-71.083987,"KW",7069,2
2011-03-15,18991230,"B",41.313019,-71.083987,"KW",7071,1
2011-04-07,18991230,"B",41.313205,-71.043027,"JV",7076,1
2011-04-07,18991230,"B",41.314331,-71.043117,"JV",7099,3
2011-02-23,18991230,"A",41.314455,-70.916662,"JV",7105,1
2011-11-26,18991230,"B",41.31447,-71.579384,"KW",7106,1
2011-04-19,18991230,"A",41.31454,-71.130767,"KW",7107,1
2011-04-07,18991230,"A",41.314599,-71.17009,"KW",7110,1
2011-05-13,18991230,"B",41.314945,-71.03719,"JV",7120,1
2011-12-13,18991230,"A",41.315255,-71.581305,"KW",7125,1
2011-05-02,18991230,"A",41.315484,-70.953712,"JV",7133,1
2011-03-15,18991230,"B",41.316464,-71.581926,"KW",7147,1
2011-02-23,18991230,"A",41.317004,-71.540901,"JV",7154,3
2011-03-04,18991230,"B",41.317049,-71.625295,"KW",7157,1
2011-03-04,18991230,"A",41.317207,-71.499862,"KW",7160,2
2011-04-07,18991230,"B",41.317377,-71.41299,"JV",7168,1
2011-05-02,18991230,"A",41.317774,-71.583228,"JV",7175,1
2011-05-02,18991230,"A",41.317774,-71.583228,"JV",7176,1
2011-01-28,18991230,"A",41.317815,-71.292642,"KW",7179,1
2011-11-06,18991230,"B",41.318073,-71.622537,"JV",7181,1
2011-02-23,18991230,"A",41.318151,-71.044888,"JV",7183,7
2011-02-23,18991230,"B",41.318151,-71.044888,"KW",7184,1
2011-04-19,18991230,"A",41.318507,-71.62602,"KW",7188,1
2011-04-19,18991230,"B",41.318507,-71.62602,"KW",7189,1
2011-10-07,18991230,"B",41.318881,-71.664342,"KW",7198,4
2011-02-07,18991230,"A",41.319235,-71.498373,"KW",7205,1
2011-02-17,18991230,"B",41.319433,-71.457609,"KW",7209,1
2011-05-13,18991230,"A",41.319559,-71.171726,"KW",7212,2
2011-04-19,18991230,"B",41.321455,-71.49821,"KW",7250,2
2011-01-28,18991230,"A",41.321746,-71.413462,"KW",7260,1
2011-12-13,18991230,"B",41.321792,-71.456756,"Ellen",7261,1
2011-02-23,18991230,"A",41.322537,-71.540942,"JV",7276,2
2011-02-23,18991230,"B",41.322537,-71.540942,"JV",7277,1
2011-02-23,18991230,"B",41.322537,-71.540942,"KW",7278,2
2011-03-15,18991230,"B",41.3243,-71.582152,"JV",7300,1
2011-03-15,18991230,"A",41.325267,-70.955334,"JV",7320,1
2011-01-28,18991230,"B",41.325294,-71.542099,"KW",7321,1
2011-05-13,18991230,"A",41.326046,-71.172412,"KW",7335,1
2011-12-04,18991230,"B",41.326104,-71.542344,"Ellen",7340,1
2011-04-07,18991230,"A",41.326373,-71.541643,"KW",7345,1
2011-11-26,18991230,"A",41.326437,-71.581024,"KW",7347,1
2011-12-13,18991230,"B",41.327205,-71.582205,"KW",7357,1
2011-05-02,18991230,"A",41.327508,-71.088695,"KW",7362,1
2011-03-15,18991230,"A",41.327659,-71.333717,"KW",7363,1
2011-02-17,18991230,"B",41.32766,-71.58381,"JV",7366,1
2011-04-19,18991230,"B",41.327701,-71.498438,"KW",7367,1
2011-05-02,18991230,"B",41.327841,-70.95554,"JV",7370,1
2011-02-23,18991230,"B",41.3281,-71.540837,"KW",7374,1
2011-10-07,18991230,"A",41.328112,-71.539058,"KW",7375,1
2011-01-28,18991230,"A",41.328598,-71.542293,"JV",7389,1
2011-02-23,18991230,"A",41.328646,-70.917471,"KW",7391,1
2011-02-23,18991230,"C",41.328646,-70.917471,"KW",7392,1
2011-01-28,18991230,"A",41.32926,-71.415185,"KW",7405,1
2011-04-19,18991230,"C",41.329682,-71.626595,"JV",7411,1
2011-05-13,18991230,"A",41.329932,-71.536904,"JV",7416,1
2011-12-04,18991230,"A",41.329963,-71.292696,"KW",7418,1
2011-02-23,18991230,"A",41.330608,-71.416529,"JV",7427,1
2011-12-04,18991230,"A",41.330977,-71.542692,"KW",7431,1
2011-03-04,18991230,"A",41.330978,-71.250125,"KW",7432,1
2011-04-07,18991230,"A",41.33123,-71.542092,"KW",7438,1
2011-01-28,18991230,"B",41.331411,-71.415549,"JV",7439,2
2011-03-15,18991230,"B",41.332135,-71.582802,"JV",7444,1
2011-07-25,18991230,"B",41.332862,-71.663457,"JV",7454,1
2011-02-17,18991230,"A",41.333083,-71.584698,"JV",7461,1
2011-02-17,18991230,"B",41.333392,-70.959216,"KW",7470,1
2011-12-13,18991230,"B",41.334003,-71.085097,"KW",7485,1
2011-04-19,18991230,"A",41.334467,-71.132404,"JV",7494,1
2011-05-31,18991230,"A",41.334708,-71.132322,"KW",7497,2
2011-02-07,18991230,"A",41.33496,-71.631462,"KW",7500,2
2011-05-13,18991230,"A",41.334984,-71.666285,"KW",7502,1
2011-12-09,18991230,"C",41.335609,-71.500117,"KW",7515,1
2011-01-28,18991230,"B",41.336138,-71.661172,"JV",7521,1
2011-05-13,18991230,"A",41.336589,-70.916353,"KW",7535,3
2011-02-07,18991230,"A",41.33696,-71.376178,"KW",7538,2
2011-04-07,18991230,"A",41.337575,-71.665773,"KW",7545,3
2011-03-15,18991230,"A",41.337827,-71.20826,"JV",7548,1
2011-05-02,18991230,"A",41.337981,-71.452935,"JV",7550,1
2011-03-04,18991230,"A",41.338032,-71.131552,"KW",7551,1
2011-01-28,18991230,"B",41.338387,-71.543211,"KW",7558,1
2011-04-07,18991230,"A",41.338838,-71.415498,"JV",7565,1
2011-03-15,18991230,"B",41.339208,-71.086639,"KW",7569,1
2011-05-13,18991230,"A",41.339893,-71.419925,"JV",7583,1
2011-05-02,18991230,"A",41.340599,-71.207476,"JV",7593,1
2011-12-13,18991230,"A",41.341082,-71.583288,"Ellen",7599,1
2011-05-13,18991230,"B",41.343203,-71.174685,"JV",7626,1
2011-03-15,18991230,"A",41.343251,-71.583739,"JV",7627,1
2011-02-07,18991230,"A",41.343608,-71.128263,"KW",7633,1
2011-03-04,18991230,"B",41.343784,-71.13235,"KW",7634,1
2011-04-07,18991230,"A",41.343883,-71.416045,"KW",7638,1
2011-12-13,18991230,"A",41.343956,-71.085698,"KW",7639,1
2011-12-09,18991230,"A",41.343996,-71.625811,"Ellen",7640,1
2011-11-06,18991230,"B",41.344263,-71.625178,"JV",7643,1
2011-03-04,18991230,"A",41.344939,-71.132434,"JV",7661,1
2011-03-04,18991230,"B",41.344939,-71.132434,"JV",7662,1
2011-02-17,18991230,"B",41.346098,-71.586294,"JV",7687,1
2011-02-07,18991230,"A",41.346295,-71.502081,"KW",7690,1
2011-05-02,18991230,"C",41.346387,-70.961766,"JV",7694,1
2011-02-23,18991230,"A",41.346593,-71.542017,"KW",7702,1
2011-03-15,18991230,"A",41.346623,-71.583852,"KW",7703,1
2011-01-28,18991230,"A",41.347103,-71.543803,"JV",7721,1
2011-02-07,18991230,"B",41.34724,-71.004359,"KW",7723,1
2011-12-04,18991230,"B",41.347257,-71.045582,"KW",7724,1
2011-05-13,18991230,"A",41.347552,-71.175307,"KW",7727,1
2011-05-13,18991230,"B",41.347552,-71.175307,"KW",7729,1
2011-04-19,18991230,"B",41.3476,-71.627683,"JV",7731,2
2011-11-26,18991230,"B",41.347677,-71.334721,"JV",7732,1
2011-01-28,18991230,"B",41.348189,-71.54391,"KW",7742,3
2011-02-07,18991230,"A",41.348224,-71.128703,"KW",7745,2
2011-03-04,18991230,"A",41.348382,-71.132625,"KW",7748,1
2011-02-17,18991230,"A",41.348406,-71.33424,"JV",7749,1
2011-12-09,18991230,"A",41.349541,-71.501414,"KW",7776,1
2011-09-26,18991230,"A",41.349832,-71.503725,"JV",7781,1
2011-05-02,18991230,"A",41.350122,-71.090239,"JV",7785,1
2011-02-17,18991230,"B",41.350177,-71.45637,"KW",7786,1
2011-02-07,18991230,"A",41.350337,-71.631534,"KW",7793,1
2011-03-04,18991230,"A",41.350666,-71.377586,"JV",7801,1
2011-12-09,18991230,"B",41.350745,-71.626229,"KW",7805,1
2011-04-19,18991230,"A",41.350894,-71.250761,"KW",7809,4
2011-03-15,18991230,"B",41.351035,-71.584056,"JV",7815,1
2011-01-28,18991230,"A",41.351441,-71.544236,"KW",7820,1
2011-03-15,18991230,"A",41.351556,-71.210815,"KW",7823,1
2011-02-17,18991230,"A",41.351766,-71.334654,"JV",7826,1
2011-04-07,18991230,"A",41.351795,-71.045398,"JV",7827,1
2011-03-04,18991230,"A",41.352509,-71.499197,"KW",7835,1
2011-03-15,18991230,"A",41.35251,-71.336632,"KW",7836,1
2011-01-28,18991230,"B",41.352518,-71.54435,"KW",7837,1
2011-02-23,18991230,"A",41.352621,-71.294918,"JV",7839,1
2011-05-13,18991230,"A",41.35315,-71.040817,"JV",7847,1
2011-01-28,18991230,"A",41.353653,-71.049995,"JV",7854,1
2011-05-31,18991230,"A",41.35378,-71.385569,"KW",7856,1
2011-02-23,18991230,"B",41.354175,-71.420386,"JV",7861,1
2011-11-26,18991230,"A",41.354191,-71.584319,"KW",7862,2
2011-02-23,18991230,"A",41.354844,-71.543237,"KW",7869,1
2011-11-26,18991230,"B",41.355817,-71.459151,"JV",7885,1
2011-05-13,18991230,"B",41.357558,-71.176187,"JV",7914,1
2011-12-04,18991230,"A",41.357971,-71.54369,"KW",7924,1
2011-11-26,18991230,"C",41.358953,-71.335619,"KW",7936,2
2011-05-02,18991230,"B",41.359014,-71.090512,"KW",7938,1
2011-05-02,18991230,"A",41.359219,-71.208941,"KW",7945,1
2011-04-07,18991230,"B",41.359765,-71.045209,"JV",7954,1
2011-01-28,18991230,"A",41.360344,-71.050331,"KW",7961,1
2011-04-19,18991230,"A",41.36156,-71.252746,"KW",7972,5
2011-03-15,18991230,"A",41.361692,-71.211615,"KW",7975,1
2011-05-13,18991230,"A",41.363025,-71.291235,"JV",7982,2
2011-05-02,18991230,"A",41.363643,-71.209294,"JV",7990,1
2011-03-15,18991230,"B",41.363717,-71.211691,"KW",7991,1
2011-05-02,18991230,"A",41.364594,-71.090662,"KW",8003,1
2011-01-28,18991230,"A",41.364807,-71.050218,"KW",8007,1
2011-12-04,18991230,"B",41.365011,-71.046903,"KW",8009,2
2011-11-26,18991230,"B",41.365631,-71.336183,"KW",8014,1
2011-01-28,18991230,"B",41.366579,-71.419999,"KW",8020,1
2011-02-23,18991230,"B",41.367956,-71.170632,"KW",8033,1
2011-12-04,18991230,"Not recorded",41.368149,-71.170574,"Ellen",8034,1
2011-11-26,18991230,"B",41.368244,-71.458305,"JV",8036,1
2011-05-02,18991230,"A",41.369059,-71.338192,"JV",8043,1
2011-02-23,18991230,"A",41.3739,-71.296551,"KW",8077,3
2011-04-07,18991230,"B",41.373937,-71.175662,"KW",8079,3
2011-11-26,18991230,"A",41.374042,-71.336697,"JV",8081,1
2011-04-19,18991230,"A",41.374628,-71.254903,"KW",8086,1
2011-05-13,18991230,"A",41.374934,-71.042779,"JV",8087,1
2011-01-28,18991230,"A",41.375053,-71.293947,"KW",8089,1
2011-01-28,18991230,"A",41.376636,-71.419194,"KW",8100,1
2011-05-13,18991230,"A",41.377103,-71.291769,"JV",8106,1
2011-12-13,18991230,"B",41.377495,-71.088707,"Ellen",8112,1
2011-01-28,18991230,"A",41.377514,-71.170844,"JV",8113,1
2011-02-23,18991230,"A",41.377764,-71.047154,"JV",8114,1
2011-05-02,18991230,"A",41.377957,-71.09121,"KW",8116,1
2011-12-13,18991230,"A",41.378273,-71.337836,"Ellen",8119,1
2011-05-02,18991230,"B",41.381278,-71.091388,"JV",8139,1
2011-05-13,18991230,"A",41.381883,-71.179086,"KW",8144,2
2011-04-07,18991230,"B",41.382234,-71.176178,"KW",8146,1
2011-02-23,18991230,"A",41.382598,-71.297389,"JV",8151,1
2011-01-28,18991230,"A",41.382683,-71.29399,"KW",8152,1
2011-02-23,18991230,"B",41.382911,-71.047476,"KW",8154,1
2011-12-13,18991230,"A",41.382928,-71.08926,"KW",8155,1
2011-12-13,18991230,"A",41.384799,-71.338157,"KW",8177,1
2011-02-23,18991230,"A",41.384974,-71.047597,"KW",8180,2
2011-05-31,18991230,"A",41.385145,-71.132865,"KW",8183,1
2011-04-19,18991230,"B",41.386158,-71.133589,"JV",8189,1
2011-04-07,18991230,"A",41.387333,-71.176446,"KW",8195,1
2011-11-26,18991230,"B",41.388212,-71.090633,"KW",8201,1
2011-05-13,18991230,"A",41.388567,-71.180127,"KW",8203,1
2011-01-28,18991230,"B",41.389355,-71.294302,"KW",8210,1
2011-05-13,18991230,"B",41.38968,-71.180192,"JV",8214,1
2011-12-13,18991230,"A",41.390266,-71.08983,"Ellen",8218,1
2011-02-23,18991230,"B",41.3911,-71.047909,"JV",8224,1
2011-05-02,18991230,"A",41.391323,-71.211944,"JV",8226,3
2011-03-15,18991230,"A",41.391437,-71.340444,"JV",8228,1
2011-04-07,18991230,"A",41.392416,-71.176723,"KW",8236,1
2011-05-13,18991230,"A",41.394264,-71.295934,"KW",8252,1
2011-02-07,18991230,"A",41.395975,-71.13356,"KW",8268,1
2011-02-07,18991230,"B",41.395975,-71.13356,"KW",8269,1
2011-01-28,18991230,"A",41.395979,-71.295145,"KW",8270,1
2011-02-23,18991230,"A",41.396452,-71.174519,"KW",8273,1
2011-01-28,18991230,"A",41.398134,-71.295448,"JV",8284,1
2011-12-04,18991230,"A",41.399037,-71.049495,"KW",8288,1
2011-03-15,18991230,"A",41.399649,-71.089884,"JV",8291,1
2011-04-19,18991230,"A",41.399808,-71.133993,"JV",8292,1
2011-12-04,18991230,"A",41.399993,-71.049605,"Ellen",8294,1
2011-11-26,18991230,"C",41.400168,-71.215056,"KW",8296,1
2011-03-04,18991230,"A",41.400275,-71.38149,"KW",8297,1
2011-12-04,18991230,"A",41.400279,-71.297381,"KW",8298,1
2011-01-28,18991230,"B",41.400283,-71.295709,"KW",8299,1
2011-02-17,18991230,"B",41.401906,-71.21476,"KW",8311,1
2011-03-04,18991230,"B",41.402482,-71.256161,"KW",8313,1
2011-02-17,18991230,"A",41.402884,-71.214871,"JV",8314,1
2011-10-07,18991230,"A",41.403035,-71.295589,"JV",8317,1
2011-12-13,18991230,"B",41.404925,-71.090915,"KW",8328,2
2011-12-13,18991230,"A",41.405191,-71.339317,"KW",8330,1
2011-05-31,18991230,"A",41.405439,-71.258679,"JV",8331,1
2011-12-04,18991230,"B",41.406699,-71.050179,"KW",8338,1
2011-02-23,18991230,"B",41.406702,-71.299018,"KW",8339,1
2011-12-13,18991230,"A",41.406727,-71.091128,"KW",8341,1
2011-05-13,18991230,"B",41.406937,-71.17975,"JV",8344,1
2011-02-23,18991230,"A",41.407832,-71.179227,"KW",8348,1
2011-02-23,18991230,"A",41.409596,-71.299333,"JV",8359,1
2011-02-23,18991230,"A",41.409596,-71.299333,"KW",8360,1
2011-05-31,18991230,"A",41.411099,-71.133532,"KW",8367,2
2011-05-13,18991230,"A",41.412484,-71.17951,"KW",8379,1
2011-03-04,18991230,"A",41.413079,-71.25722,"KW",8385,1
2011-05-02,18991230,"A",41.413209,-71.213561,"KW",8388,2
2011-12-04,18991230,"B",41.415229,-71.050602,"Ellen",8403,1
2011-03-04,18991230,"B",41.415363,-71.138169,"KW",8405,1
2011-04-07,18991230,"A",41.415992,-71.049895,"JV",8408,1
2011-02-07,18991230,"A",41.416184,-71.135705,"KW",8410,1
2011-04-19,18991230,"Not recorded",41.416225,-71.257094,"KW",8411,5
2011-04-07,18991230,"B",41.418129,-71.177057,"KW",8420,1
2011-05-31,18991230,"A",41.418736,-71.259123,"JV",8428,5
2011-01-28,18991230,"A",41.418825,-71.298705,"KW",8429,1
2011-01-28,18991230,"A",41.419631,-71.176603,"KW",8431,1
2011-05-13,18991230,"A",41.42017,-71.179117,"KW",8433,1
2011-03-04,18991230,"A",41.421166,-71.138749,"KW",8435,2
2011-05-02,18991230,"B",41.421337,-71.214999,"JV",8436,1
2011-02-17,18991230,"A",41.423632,-71.21658,"KW",8445,1
2011-02-07,18991230,"B",41.425615,-71.136734,"KW",8450,1
2011-05-02,18991230,"A",41.427111,-71.215704,"JV",8454,1
2011-03-15,18991230,"A",41.428511,-71.223392,"KW",8461,1
2011-03-15,18991230,"B",41.428511,-71.223392,"JV",8462,2
2011-04-19,18991230,"A",41.429149,-71.134253,"KW",8466,1
2011-02-07,18991230,"A",41.429156,-71.13699,"KW",8467,1
2011-12-13,18991230,"A",41.429364,-71.21798,"Ellen",8469,1
2011-05-02,18991230,"B",41.433597,-71.093468,"JV",8479,2
2011-01-28,18991230,"B",41.433671,-71.176872,"JV",8480,1
2011-01-28,18991230,"A",41.436002,-71.177059,"KW",8486,1
2011-05-31,18991230,"A",41.44053,-71.135773,"KW",8507,1
2011-05-02,18991230,"A",41.447182,-71.094995,"KW",8521,1
2011-12-13,18991230,"B",41.448622,-71.094746,"KW",8531,1
2011-03-04,18991230,"B",41.448954,-71.140156,"JV",8533,9
2011-02-17,18991230,"B",41.450334,-71.096082,"JV",8535,1
2011-11-26,18991230,"A",41.451683,-71.095852,"JV",8538,1
2011-02-17,18991230,"B",41.452624,-71.095964,"JV",8542,3
2011-05-02,18991230,"A",41.453894,-71.095438,"KW",8544,1
2011-11-26,18991230,"A",41.454617,-71.095878,"JV",8549,1
2011-03-04,18991230,"B",41.456886,-71.140251,"JV",8557,4
2011-12-13,18991230,"B",41.457758,-71.095389,"KW",8561,2
2011-03-15,18991230,"A",41.458845,-71.096414,"KW",8562,1
2011-03-04,18991230,"A",41.464722,-71.139945,"KW",8576,1
